{
    "version": "english_ICB",
    "book": "Numbers",
    "chapter": 7,
    "verse": 62,
    "word": "Each of the 12 leaders brought these gifts. Each leader brought 1 silver plate that weighed about 3\u00bc pounds. And each one brought 1 silver bowl that weighed about 1\u00be pounds. These weights were set by the Holy Place measure. Each bowl and plate were filled with fine flour mixed with oil. This was for a grain offering. Each leader also brought a large gold dish that weighed about 4 ounces. It was filled with incense. Each leader also brought 1 young bull, 1 male sheep and 1 male lamb a year old. These were for a burnt offering. Each leader also brought 1 male goat for a sin offering. Each leader brought 2 oxen, 5 male sheep, 5 male goats and 5 male lambs a year old. All of these were sacrificed for a fellowship offering. On the first day Nahshon son of Amminadab brought his gifts. He was the leader of the tribe of Judah. On the second day Nethanel son of Zuar brought his gifts. He was the leader of the tribe of Issachar. On the third day Eliab son of Helon brought his gifts. He was the leader of the tribe of Zebulun. On the fourth day Elizur son of Shedeur brought his gifts. He was the leader of the tribe of Reuben. On the fifth day Shelumiel son of Zurishaddai brought his gifts. He was the leader of the tribe of Simeon. On the sixth day Eliasaph son of Deuel brought his gifts. He was the leader of the tribe of Gad. On the seventh day Elishama son of Ammihud brought his gifts. He was the leader of the tribe of Ephraim. On the eighth day Gamaliel son of Pedahzur brought his gifts. He was the leader of the tribe of Manasseh. On the ninth day Abidan son of Gideoni brought his gifts. He was the leader of the tribe of Benjamin. On the tenth day Ahiezer son of Ammishaddai brought his gifts. He was the leader of the tribe of Dan. On the eleventh day Pagiel son of Ocran brought his gifts. He was the leader of the tribe of Asher. On the twelfth day Ahira son of Enan brought his gifts. He was the leader of the tribe of Naphtali."
}