{
    "version": "dutch_older_HTB",
    "book": "Numbers",
    "chapter": 33,
    "verse": 15,
    "word": "Vanuit Refidim trokken zij de Sina\u00ef-woestijn in en vandaar naar Kibrot-Hatta\u00e4wa; van Kibrot-Hatta\u00e4wa naar Chaserot; van Chaserot naar Ritma; van Ritma naar Rimmon-Peres; van Rimmon-Peres naar Libna; van Libna naar Rissa; van Rissa naar Kehelata; van Kehelata naar de berg Har-Sefer; van de berg Har-Sefer naar Charada; van Charada naar Makhelot; van Makhelot naar Tachat; van Tachat naar Terach; van Terach naar Mitka; van Mitka naar Chasmona; van Chasmona naar Moserot; van Moserot naar Bene-Ja\u00e4kan; van Bene-Ja\u00e4kan naar Chor-Haggidgad; van Chor-Haggidgad naar Jotbata; van Jotbata naar Abrona; van Abrona naar Esjon-Geber; van Esjon-Geber naar Kades, dat in de woestijn Sin ligt. Van Kades reisden zij naar de berg Hor aan de grens van het land Edom."
}