{
    "version": "dutch_older_HTB",
    "book": "Deuteronomy",
    "chapter": 6,
    "verse": 11,
    "word": "Wanneer de HERE, uw God, u in het land heeft gebracht dat Hij uw voorouders Abraham, Isaak en Jakob beloofde en u grote steden vol met goede dingen heeft gegeven\u2014steden die u niet zelf hebt gebouwd, bronnen die u niet hebt gegraven en wijngaarden en olijfbomen die u niet hebt geplant\u2014en wanneer u uw buik vol hebt gegeten, zorg er dan voor dat u de HERE, die u uit Egypte\u2014het land van de slavernij\u2014heeft bevrijd, niet vergeet."
}