{
    "version": "dutch_older_HTB",
    "book": "Joshua",
    "chapter": 12,
    "verse": 21,
    "word": "De streek omvatte het bergland, de laaggelegen gebieden, de vlakte, de berghellingen, de woestijn van Juda en de Negev. De volken die daar leefden, waren de Hethieten, Amorieten, Kana\u00e4nieten, Perizzieten, Chiwwieten en Jebusieten. Hier volgen dan de koningen: de koning van Jericho, de koning van Ai vlak bij Betel, de koning van Jeruzalem, de koning van Hebron, de koning van Jarmuth, de koning van Lachis, de koning van Eglon, de koning van Geser, de koning van Debir, de koning van Geder, de koning van Chorma, de koning van Harad, de koning van Libna, de koning van Adullam, de koning van Makkeda, de koning van Betel, de koning van Tappuah, de koning van Chefer, de koning van Afek, de koning van Lassaron, de koning van Madon, de koning van Hazor, de koning van Simron-Meron, de koning van Achsaf, de koning van Ta\u00e4nach, de koning van Megiddo, de koning van Kedes, de koning van Jokneam bij de Karmel, de koning van Dor in het heuvelgebied van Dor, de koning van Go\u00efm bij Gilgal en de koning van Tirza. In totaal werden dus eenendertig koningen met hun steden vernietigd."
}